{
    "explicitEulerEquation": {
        "position": [
            20.0,
            20.0,
            19.991171,
            19.973513,
            19.947026,
            19.91171,
            19.867565,
            19.814591,
            19.752788,
            19.682156,
            19.602695,
            19.514405,
            19.417286,
            19.311338,
            19.196561,
            19.072955,
            18.94052,
            18.799256,
            18.649163,
            18.490241,
            18.322490000000002,
            18.14591,
            17.960501,
            17.766263000000002,
            17.563196,
            17.351300000000002,
            17.130575,
            16.901021,
            16.662638,
            16.415426,
            16.159385,
            15.894515,
            15.620816,
            15.338288,
            15.046931,
            14.746745,
            14.43773,
            14.119886000000001,
            13.793213000000002,
            13.457711000000002,
            13.113380000000001,
            12.760220000000002,
            12.398231000000003,
            12.027413000000003,
            11.647766000000003,
            11.259290000000004,
            10.861985000000004,
            10.455851000000004,
            10.040888000000004,
            9.617096000000004,
            9.184475000000004,
            8.743025000000005,
            8.292746000000005,
            7.833638000000005,
            7.365701000000005,
            6.888935000000005,
            6.403340000000005,
            5.908916000000006,
            5.405663000000006,
            4.893581000000006,
            4.3726700000000065,
            3.842930000000007,
            3.304361000000007,
            2.7569630000000074,
            2.2007360000000076,
            1.6356800000000078,
            1.061795000000008,
            0.4790810000000084,
            -0.11246199999999118,
            -0.7128339999999909,
            -1.3220349999999905,
            -1.9400649999999902,
            -2.5669239999999895,
            -3.202611999999989,
            -3.8471289999999887,
            -4.500474999999988,
            -5.162649999999988,
            -5.833653999999988,
            -6.513486999999987
        ],
        "velocity": [
            0.0,
            -0.2943,
            -0.5886,
            -0.8829,
            -1.1772,
            -1.4715,
            -1.7658,
            -2.0601000000000003,
            -2.3544,
            -2.6487,
            -2.9429999999999996,
            -3.2372999999999994,
            -3.531599999999999,
            -3.825899999999999,
            -4.120199999999999,
            -4.4144999999999985,
            -4.708799999999998,
            -5.003099999999998,
            -5.297399999999998,
            -5.591699999999998,
            -5.8859999999999975,
            -6.180299999999997,
            -6.474599999999997,
            -6.768899999999997,
            -7.063199999999997,
            -7.357499999999996,
            -7.651799999999996,
            -7.946099999999996,
            -8.240399999999996,
            -8.534699999999996,
            -8.828999999999995,
            -9.123299999999995,
            -9.417599999999995,
            -9.711899999999995,
            -10.006199999999994,
            -10.300499999999994,
            -10.594799999999994,
            -10.889099999999994,
            -11.183399999999994,
            -11.477699999999993,
            -11.771999999999993,
            -12.066299999999993,
            -12.360599999999993,
            -12.654899999999992,
            -12.949199999999992,
            -13.243499999999992,
            -13.537799999999992,
            -13.832099999999992,
            -14.126399999999991,
            -14.420699999999991,
            -14.714999999999991,
            -15.00929999999999,
            -15.30359999999999,
            -15.59789999999999,
            -15.89219999999999,
            -16.18649999999999,
            -16.48079999999999,
            -16.77509999999999,
            -17.06939999999999,
            -17.36369999999999,
            -17.65799999999999,
            -17.95229999999999,
            -18.24659999999999,
            -18.54089999999999,
            -18.83519999999999,
            -19.12949999999999,
            -19.42379999999999,
            -19.71809999999999,
            -20.01239999999999,
            -20.30669999999999,
            -20.60099999999999,
            -20.895299999999988,
            -21.189599999999988,
            -21.483899999999988,
            -21.778199999999988,
            -22.072499999999987,
            -22.366799999999987,
            -22.661099999999987,
            -22.955399999999987
        ]
    },
    "implicitEulerEquation": {
        "position": [
            20.0,
            19.991171,
            19.973513,
            19.947026,
            19.91171,
            19.867565,
            19.814591,
            19.752788,
            19.682156,
            19.602695,
            19.514405,
            19.417286,
            19.311338,
            19.196561,
            19.072955,
            18.94052,
            18.799256,
            18.649163,
            18.490241,
            18.322490000000002,
            18.14591,
            17.960501,
            17.766263000000002,
            17.563196,
            17.351300000000002,
            17.130575,
            16.901021,
            16.662638,
            16.415426,
            16.159385,
            15.894515,
            15.620816,
            15.338288,
            15.046931,
            14.746745,
            14.43773,
            14.119886000000001,
            13.793213000000002,
            13.457711000000002,
            13.113380000000001,
            12.760220000000002,
            12.398231000000003,
            12.027413000000003,
            11.647766000000003,
            11.259290000000004,
            10.861985000000004,
            10.455851000000004,
            10.040888000000004,
            9.617096000000004,
            9.184475000000004,
            8.743025000000005,
            8.292746000000005,
            7.833638000000005,
            7.365701000000005,
            6.888935000000005,
            6.403340000000005,
            5.908916000000006,
            5.405663000000006,
            4.893581000000006,
            4.3726700000000065,
            3.842930000000007,
            3.304361000000007,
            2.7569630000000074,
            2.2007360000000076,
            1.6356800000000078,
            1.061795000000008,
            0.4790810000000084,
            -0.11246199999999118,
            -0.7128339999999909,
            -1.3220349999999905,
            -1.9400649999999902,
            -2.5669239999999895,
            -3.202611999999989,
            -3.8471289999999887,
            -4.500474999999988,
            -5.162649999999988,
            -5.833653999999988,
            -6.513486999999987,
            -7.202148999999987
        ],